tweets,labels
"Check out 'Cinema Bizarre - Melbourne, VIC' at Eventful.com - http://is.gd/Q6Ix ",0
goodnight  &amp; this one is final.,0
What a lovely Saturday morning! I love winter ,0
More than 1 in 20 US children and teens have anxiety or depression  https://goo.gl/EN46R5Â ,1
@mannykimchi technically first college year....cause im a sophomore ,0
@ksprior post something moron ,0
"the end of 2014 - 2016 , was my worst yrs <Emoji: Face with tears of joy> i was really in a depression",1
@GentlemanJervis Small question. Are you already getting medical help for depression (Because i did the same today) ?,1
just voted  GREEN party!  just hope it's enough to keep the EVIL bnp out! ,0
@okto the brides mom was so cute. She asked me how much all the film would cost to shoot the whole wedding ,0
"you can cure bipolar depression by eating fruits, going to the gym, and discovering what YOU'RE doing wrong â a dumbass w a no-name online degree in holistic medicine",1
Making a present! ,0
@PunishedBox No. I went straight to depression.,1
@fanxyncity his feet look like they have depression,1
"@amarita77 goodmorning, that is good to hear  did you cut out the red bull before bed? Lol",0
@MichaelTyler  in most ways at least    at this rate though i may even bake something tonight!  who knows?!?,0
I am Lowkey going through depression that I'm fighting HARD to overcome,1
getting ready early.. ready for some hardcore mafia tonight.  ,0
robot chicken marathon? lets see how far I go till I fall asleep. had a fun time earlier today ,0
"@aJackieLarsen @Nemosanartist @highwatermark_ Not everyone has the capacity to immediately understand all material taught to them.  Everyone has their strengths and weaknesses, and the stress from dealing with something that a person isn't generally good with can be overwhelming.  Also, depression sucks and causes crying.",1
@newscientist @BaddieDaywin @schmids333 @Capt_depression Not really. Actually poor ad hominem to try and discredit one's stance because they share thoughts and opinions outside of their realms.,1
"Wow, fell in love with Sly Cooper and Ratchet. Well, I know what I'm buying on PS3 now ",0
@holton29 I know   Now fix my iphone lol,0
this shit is a good depression killer  pic.twitter.com/ztfNNFMJ3k,1
"sometimes i don't fit in with my friends and im always at the verge of giving up but you guys gave me strength and persistence to fight the depression and the anxiety i have, im so proud of you guys right now i love you<Emoji: Heavy red heart>@Stray_Kids #StrayQuiz #StrayKids pic.twitter.com/YnzCr2rgUv",1
@frumousme yeah there are so many of us angry feeters  Tim's THAT good lol... I have been good I go on I  just havent posted for a while,0
"A big part of depression is feeling really lonely, even if you're in a room full of a million people",1
@lilapp lol.. thanks.  I wasn't trying to steal the show!,0
Pre-ordered Karnivool's new album today. Getting it on Friday!!  ,0
"@LJsBaby Will be  It happens, just get on with it. Coffee &amp; cornflakes will help ",0
Time for bed nighty night hope u guys have sweeet dreams &lt;3 ,0
@xJPUx<Emoji: Sunflower> : intimidating but madaldal <Emoji: Cat face with tears of joy><Emoji: Yellow heart> : 7? mga ganon <Emoji: Rolling on the floor laughing><Emoji: Honey pot> : don't let depression get into u and always look at the brighter side of life <Emoji: Smiling face with smiling eyes> stay strong with eya <Emoji: Two hearts> tca and gbu <Emoji: Call me hand (medium light skin tone)>,1
@SURFislikeaBoss me hair ain't Red its da light its blonde and black!  @jamesissexy Hey Hotty!  @firesty who da other girl?,0
"A fat ass won't help u keep a man. Get ahead in ur career, unless ur a stripper. It won't help ur depression, save ur friendships. Chile.",1
Don't forget to check out our courses for May! To book email training@commlinks.co.uk #mentalhealth #socialcare #suicideprevention #mhfa #safetalk #mentalhealthawarenessweek #mhaw #stress #anxiety #depression  pic.twitter.com/pmme1xfThq,1
@jasongardiner love you  soon?!?,0
"Just one puff of this type of cannabis 'could ease depression, stress and anxiety'  https://www.thesun.co.uk/news/6137739/cannabis-ease-depression-stress-anxiety/Â â¦",1
@Clouds2287 Hm. So I take it the essays are not going so well right now? Perhaps a swap? I have nothing left to lose lol ,0
Such a perfect time for depression,1
@anderrrson thinking of me RIGHT ?  lol,0
@mrolv bye! talk 2 u soon!  x,0
"depression: i'm always here for u, darling",1
I think it's time to kill some Zombies... ,0
hey guess what my pills lower my sex drive so much and i hate it and i want to stop taking them but i can't because my depression is still up and kicking sigh someone make me horny pls it takes so much energy,1
@therealTiffany check it out epi. haha it makes me smile everytime! you need to make me a check it out video one day! i loveee it ,0
tonight: crime and comedy at Warsaw - &quot;Lekarstwo na miÅ‚oÅ›Ä‡&quot; - 6 pm. - film based on the novel of Joanna Chmielewska. see you ,0
"@drlfarrell #irishmed T1 Early intervention. Also, GP aware of impact of physical health on psychological well being aside from discrete MH difficulties ie anxiety/depression.",1
got a birthday card in the post today...belated wishes keep the months merry ,0
"@JoyceAnnWert it may be effective for some things,"" but I'm moreso referring to the people who go on about """"don't take medications!!! just have positive vibes and your depression will go away :)<Emoji: Cherry blossom><Emoji: Cherry blossom><Emoji: Cherry blossom>""""",1
[New Blog Post] This past week I was invited to speak to a group about tools we can use to cope with #depression. Here's one of the strategies I shared!  https://www.charlesminguez.com/tiny-habits/Â  #mentalhealth #toolkit #tinyhabits #recovery,1
@MelissaCruz I do what I can...Works for my headaches ,0
Enjoying the aroma of fresh cut grass.... and a beer   need to go buy The Shack,0
"@bbywoIfie I'm going out on a limb here, but it might have something to do with the heroin addiction/chronic depression?",1
"Don't settle with #depression, #anxiety or defeat. #Jesus wants you to overcome. #faith #Prayer #bible #kalamazoo http://www.vwcenter.org/fervent-prayer.htmlÂ â¦",1
depression.,1
@MamaSeal haha...I needed the mani!! ,0
Going to the zoo with the wineholt clan! ,0
1 in 4 SA workers suffers from depression https://www.health24.com/Medical/Depression/About-depression/1-in-4-sa-workers-suffers-from-depression-20180425Â â¦?shared via @Health24com,1
The reason's why I use TweetLater...  http://bit.ly/uJD5u,0
Depression and obsession doesn't mix well,1
Looking For Furniture With James  xx,0
Be sure to check out our #podcast this Saturday at 11:00 am EST. We are replaying our show that featured the lovely and talented @erezshek http://blogtalkradio.com/leftofstr8Â @powerslave1974#KeepTalkingMH #mentalillness #mentalhealth #depression #suicideprevention #advocate pic.twitter.com/7BniJlWGga,1
@MaryBeverly  send some sun this way plz    .. nyc calls for lotsa rain,0
Post-show depression for The Addams Family has been weird and sporadic and my weak heart can't take it so here's some pictures from the show again  pic.twitter.com/SXdIoWjzUP,1
Online Cognitive-Behavioral Therapy for Anxiety and Depression. Mindfulness Therapy via Skype. Most people see big improvements within 3-4 weeks. Contact me to learn more and to schedule a Skype therapy session.  https://ift.tt/2Ke1ItXÂ ,1
"@hunterrgarrett @WRXNickA This is why I hate the belief that anxiety or depression push people to create better content.. Obvi the stuff you make is going to reflect your feelings & expiriences, but if anything mental demons make you doubt every little detail of your work.. Support your homies <Emoji: Purple heart>",1
@dinajames That you are a good pussy cat ,0
Les longs week-ends font les petites semaines. ,0
@martiiux  Hola! Wellcomeback! ,0
i been battling a deep ass round of depression in the last week. havent even been on twitter to watch kanye lose what little credibility he had left.,1
 https://www.google.com/search?client=ms-android-verizon&ei=BifgWp6oOpPcjwOXh42ADg&q=federal+reserve+caused+great+depression+&oq=federal+reserve+caused+great+depression+&gs_l=mobile-gws-serp.12..0i22i30j33i22i29i30l4.52384.71845..72636...0....307.6337.0j36j4j1..........1..mobile-gws-wiz-serp.....0..0j41j0i131j0i67j0i131i67j33i160.Rg7sxg%2F8GNA%3DÂ â¦The Federal Reserve'sÂ Tight Monetary PolicyÂ Caused the Great Depression.Â Federal ReserveÂ Chairman Ben Bernanke andÂ theÂ late Nobel Prize-winning economist Milton Friedman blameÂ the Federal ReserveÂ forthe Great Depression. But they do so forÂ theÂ wrong,1
@delamarRX931  i had fun listening to your morning rush earlier... .. remember the &quot;anus of a chicken&quot; ????? lol ,0
@thewildjoker Alright. Following. Just hope she follows back ,0
ok but when's summer coming like this off and on snow & rain is making my seasonal depression stay longer than it should have.,1
@lesliedoughty The dates are Sept. 24-27 and I will open registration very soon. I just need to finalize contract with the host hotel. ,0
@Ruth4ashab @TasnimaKTastic Hmm...yes that's true as well...She should just stop referring to depression each time she does a speech... everyone goes through it...<Emoji: Face with tears of joy>,1
"I dreamt of the stars last night.  Just looking up in awe at the vastness of it all. As I headed up in wonder,  the stars were covered by clouds.  Such small things (clouds) obscuring the universe from view.  Reminds me of hope depression works.1/2",1
"1m older people say they often feel lonely. Regular physical activity has been found to prevent and manage chronic conditions inc dementia & depression. This scheme combines exercise and comradeship. Simple, fabulous idea. We love it! @AgeBetterSheffield  https://www.theguardian.com/social-care-network/2018/apr/24/care-home-residents-get-active-oomph-wellness?CMP=share_btn_twÂ â¦",1
@gillyhTTfan Looking forward to seeing them  Are you planning on going back next year ?,0
YOU GUYS! You can listen to/download my original soundtrack album for THE BATEMAN LECTURES ON DEPRESSION right now on Bandcamp. It's not even a little depressing! #indiefilm #indiefilmmaker https://scottbateman.bandcamp.com/album/the-bateman-lectures-on-depression-original-soundtrackÂ â¦ pic.twitter.com/q3eNmbbqpa,1
During classes: bad depressionClasses over: bad depression,1
Getting up after a depression nap  https://twitter.com/kanyewest/status/989153701095915522Â â¦,1
Mmmm. I think that was my first beer in six months. Worth waiting for ,0
@JessikaSays yah basically she is right ,0
@Zac_Efron GOOO LAKERRRSSS ,0
I love baby seals ,0
"@BekahIsSpankin lol, just nick please! ",0
@cuzyourehotshot @lovelyzband @infinitens97 it's not depression it's anxiety and i will let her know <Emoji: Face with tears of joy>,1
Think the sun has melted everyone away like ice lollies.lol ,0
Just heard my bootleg remix of &quot;if u seek amy&quot; on kiss fm here in Chicago ,0
Howitzer a.k.a &quot;Howie&quot; is playing with Sam in the Sun   http://apps.facebook.com/dogbook/profile/view/4917440,0
"@TasnimaKTastic @ShafaYahya Shafa, not bein insensitive to it however, every speech needn't be on the same topic. There's a place n time for it n show me 1 person who doesnt go through depression in today's times? We dont scream bout it? Importance of mental health shd be highlighted bt not in every forum",1
"@Skiingfreak77 and by the way it's short stack, not sway sway  sway sway baby is a song of theirs",0
The Third Great Depression & rise of the far-right: experiences In #Turkey the Islamist right garners support in rural areas by promoting social welfare and subsidy programmes.The left needs to put farmers and workers at the centre of class-based struggle https://www.opendemocracy.net/burak-g-rel/third-great-depression-and-rise-of-far-right-experiences-from-turkeyÂ â¦,1
@NateCow oh cool! That'll be sweet then if you get that job ,0
"@gisher I'm just the retweeter  I personally believe the Tweet Effect, and the weekly purge, will take care of these things for me...",0
@Toothology oh crap! i'm sure they won't dare charge for customer care in India though ,0
But I can't wait for that. Depression tends to creep back when I wait and have too much time on my hands.,1
Laying in the sun waiting for M ,0
@courgamm hahahaha i luhhh you! &lt;3  ttyt.,0
"@rankfowler yeah, I'm talking about you! No, not really. But maybe. ",0
"Aaaaaand here comes the depression, I was waiting for you",1
@uliwitness that depends on how well you pull it off! ,0
Good Snacks @cfsmtb Better to burn em off the next day on a bicycling ride. ,0
checking out this twitter world... ,0
@rascalflatts when are you guys coming back to california? We miss you out here! ,0
Back on board. @sammutimer's bub to be has taken my tweetstream by storm this evening! Reading back through the tweets! ,0
@TeamCyrus nm do you like my new display pic? someone made it for me  xxxxxxxx,0
Running is my way of processing things that happen. It's my way of coping with depression andâ¦  https://www.instagram.com/p/BiAjCkInrG4/Â ,1
OF COURSE HE IS SUFFERING FROM DEPRESSION OF LOSING HIS WIFE. HE NEVER SUFFERED ANY ILL FEELING OF INNOCENT CIVILIAN DEATHS WHEN HE ATTACKED KUWAIT & HIS SON ATTACKED IRAQ KILLING INNOCENT CIVILIANS &&' SACRIFICING AMERICAN SOLDIERS FOR SUPPORTING ISRALE!! https://www.cnn.com/videos/health/2018/04/24/george-hw-bush-health-broken-heart-syndrome-gupta-newday.cnnÂ â¦,1
@herstorygirl I like that name ,0
Going to work hungover is awesome! Lol good thing there coffee and swiss rolls ,0
"@__xkul0tx__  you're wonderful &amp; I hope that feeling never ends  Morning is good. It's early, fam sleeping, me- hungry...",0
"Like I'm all fun here and talking about ships, sometimes opening up about depression, but generally here I'm silly, joke around, or talking about not so serious and maybe childish matters; but that's the way of me relieving my stress, that is not me, real me is too complicated",1
"thanks @daniecetracey and @JunkFoodTees for puttin me in ur #followfriday  follow them, guys!",0
Crying? I'm entering a deep depression. Can't eat. Can't sleep. That's worse than any pain <Emoji: Loudly crying face>  https://twitter.com/tsunamislim/status/989018909163614208Â â¦,1
@DeLoresPressley We need to coordinate a massive TweetUp for all speakers on twitter (maybe motivation for more to get on board!) ,0
"I'm not sure how to use this place ... But.. I love miley, the most of the world ! And Miley should know that. ",0
@danielboys Have fun tonight  And congrats on the album being out ,0
"Does anyone else live an area resistent to change?  So, hard to get some people to join the &quot;Green&quot; movement   Very frustrating!",0
My daughter and I were at the park and I actually found a 4 leaf clover!!!!! bring on the luck ,0
@FirstFrontierBC He is probably living on the street eating in soup kitchens with some sort of depression disorder...,1
me: wow summer depression won't hit me this year i can FEEL ITsummer depression:  pic.twitter.com/8xSQZsnnAT,1
@jordanknight so hopefully you remember me but then again who can forget a band camp girl lookalike  xoxo,0
"@Isa_Buttercup I'm in the same boat! Am currenlty looking for flats, dread tellin the mother!! Good luck though, hope it goes well  x",0
 omggggg. )) LATER? practice?. tiring.,0
"@Nishecup Depression really is big, once it climbs on your back. It can simply grow bigger and bigger,until you fall, meaning that everything is over for YOU only.However there is still hope, YOU can make it but it will be difficult alone; it will be all worth it despite the long journey",1
"@BWalker25 It was a blast!  Next time, we need to make it TWO bottles of Patron! ",0
i cooked. depression where?,1
Some lassies r the reason sm folk have depression anxiety n insecurity's it's actual vile<Emoji: Face vomiting>,1
Antidepressant of The Day#Depression #Joy #Antidepressant #Medicine #Hope #Rest #Faith #God #Inspire #Encourage #Peace #AntidepressantOfTheDay #Happy pic.twitter.com/YyWEOAaUAE,1
How exercising can slash the risk of depression  https://nyp.st/2vGw2KqÂ  via @nypost,1
Well I watched the episode so I'm gonna go now and go deeper into my depression,1
@meganweller i've decided on the angel wings tattoo... guna book it 2moro! u guna b brave &amp; get ur one dude? i'll hold ur hand  xoxo,0
"Off to Saigon in the morning, n Hanoi from there..... ",0
Thank you Melissa for all of your support in life and for believing in the things I do. I would be lost most of the time if not for you. ,0
"Happy Birthday, Ate Judy! Boardmates' Dinner downstairs ",0
@Dameunited YES!!! lets do that. that will be 'literally' right before we die since im sure thats gonna finish us off ,0
@charleehissey When I was off with depression I had to have medical proof ( ie what medication I was on ),1
"@What_Amy_Said Phillip Schofield! The Schofe! He's a legend, Amy, you need to follow him  he's on my page.",0
@kirstyfionagh Random follower  your tweets where cool,0
"Anxiety told meto keep moving,but my mindwon't stopworrying.Weeping,losing my breath,I couldn't think straight.Depressioncrept in;I'm disinterestedto live.Confusedand tiredlike the restless skythat keepschanging clouds day and night.#inkmine #prompts https://twitter.com/whenfridzspeaks/status/989068335982829570Â â¦",1
distance does not make the heart grow fonder it makes the heart grow depression,1
why hasn't the depression groan been added to the diagnostic criteria i mean 24/7 i'm justughuGHuuuughhhhhhhhhhhUUUUUUUUGHuuuuuuuUUUUUUUUuuuugH,1
had a fun night at volleyball... beautiful weather ,0
@ismail Yeah. Its 1-0. We're away. The underdogs. Support Kenya ,0
HOLD THIS PHAT L DEPRESSION  https://twitter.com/pvlkvsky/status/989183405240868865Â â¦,1
Could 'one puff' of cannabis easeÂ depression?  http://appledank.com/could-one-puff-of-cannabis-ease-depression/Â â¦,1
there's a homework? omg. i forgot. damn.... i won't do ist anyway ,0
Depression and Diet: Why the Food You Eat Matters  https://www.nutritionadvance.com/crippling-depression-and-diet/Â â¦,1
The depression epidemic and why the medical profession is failing patients  http://spr.ly/6185Dw0qbÂ ,1
@kate_reuvers Poo to that. Time to move out perhaps? Back to Melbourne? ,0
@SamStreet69 back to the lovely land of the north ,0
"@uwillbeheard yup, from your comp. to the right of the tweet where u fav it, there's a trashcan ",0
"Today God wants us to know thatÂ all emotions grow in size when practiced regularly.Practice love to have more love, practice hate to have more hate. Practice kindness to have more kindness, practice depression to have more depression. The choice is yours as always.",1
@CricketBookie ha! I just won! with 2.62 odds! ,0
still feeling a bit jetlagged...looking forward to soccer &amp; p!nk concert tomorrow ,0
Hey why wasn't that message to me? I'm wearing my peace bracelet too!  represent!,0
turning on the aircondition....blizzard mode time! ,0
@Leeratow23 It doesn't have to be a solo battle when you belive God is with you! Only God can deliver you from depression and give you the peace you need!,1
First day of summer vacation at home with the boy. ,0
My next step to beating this depression is deleting the sad music out my phone. I'm sorry Abel I love you to death but my heart can't take it no more <Emoji: Shushing face>,1
Is just getting of the train in Rochester ... Nice wk end planned  x,0
Nothing special. ,0
"My memes are ironic, my depression is chronic",1
Lol... Yay Teo is followin me.   miss u hon. {{leg squeezes}} http://myloc.me/2lsr,0
"Depression recovery is a long process with ups & downs, but I just said the failure I regret most in my life is never having managed to grow a pineapple plant from a pineapple top & genuinely meant it, so that has to be encouraging",1
@labelladeanna that sounds good to me . girl trippp ,0
I can't believe I'm up this early on a Saturday! (via @jasonmatheson) good morning! ,0
"Psa: if you call someone struggling with depression, anxiety, etc. crazy, you are a piece of crap!!",1
GoodNight Everyone ,0
"@melroseee If people won't even buy knives and vacuums door to door, it can only mean one thing: This recession is now a depression",1
"thinking in how much i love my bff, lulyugly  xooo",0
Best Options For The Depression Treatment #depression  http://bit.ly/2qZsnlCÂ ,1
"just watched &quot;O&quot; cirque du soleil at the bellagio, it was soo amazing! ",0
Woot! Cant wait for sunday ,0
@thewayofcontrol yeah XD Good Idea ,0
Eating at Houstons. Yummy! Then Prom. &amp; hopefully get to see someone tonight! ,0
@emgrant  hey there sorry missed your tweet from Saturday &amp; there are always plenty more fridays  Trip going well but so busy. How are u?,0
In otown for the day ,0
<Emoji: Police cars revolving light>Tickets Still Available!<Emoji: Police cars revolving light>...#mentalhealth #depression #depressionawareness #linkinbioâ¦  https://www.instagram.com/p/Bh_z2bnFQPo/Â ,1
- thread of vines that cured my depression.  pic.twitter.com/9Ak2F5RYOo,1
"Despite all the success & adulation,the demons were never too far from Marvin's door: DRUG ADDICTION, DEPRESSION, two failed marriages, FINANCIAL RUIN and a fateful and tempestuous relationship with his alcoholic, cross dressing preacher father, pushed Marvin closer to the edge",1
@ragdollgonewild No please. Make it Saturday ,0
"Sope AUMin Yoongi is a blind man who once had a passion for music. After his accident, he dropped out university and entered a critical state of depression. He didn't expect for someone, by the name of Jung Hoseok, capable of bringing colour back into his world.  pic.twitter.com/dbEShh6CiA",1
@dougiemcfly Change your name to Michelle. ,0
"@thetechnewsblog, my laptop!  second is my 1st gen touch..",0
"@dnoxon Mine too!  Small world, eh?  ",0
crosstraining outside in this amazing weather ,0
"Mom's depression tied to kids' emotional, intellectual development  http://dlvr.it/QQmx4TÂ  pic.twitter.com/1PpT01a1ig",1
@shannanstedman haha maxxie beat whippet ,0
"@jonnyshare Haha, I like your style ",0
Pinkberry in the city '09!!!!!!!!!! ,0
"Charlize Theron Talks Battle With Depression, Admits She Ate Potato Chips Everywhere To Gain Almost 50 Pounds  http://a.msn.com/07/en-ca/AAwjt3y?ocid=stÂ â¦",1
If you ever want to look as awesome as this...You should treat yourself to one of our tote bags :]Just like @NicoleDivide did!<3We support those with depression by donating 50% of our profits to @MindCharityPlease re-tweet! http://InMusicWeTrust.co.ukÂ  pic.twitter.com/X7qxH7chID,1
Nearly the end of year 8 ! Nearly in year 9 ,0
http://twitpic.com/6b6x1 - 1000 Islands Conservancy Zone. This was part of my Saturday. ,0
"And I guess, I just have to make sacrifices if I want to achieve my dreams. My family is very supportive at least (it's just, I can't stand living with them, as I need my own space and freedom; I feel trapped here). I just hope I can work through the stress and depression.",1
I take meds - the truth about postnatal depression and chronic pain  https://wp.me/p6vH90-DKÂ  #mentalhealth,1
"@sarbjitkaur1 So sad.  Male children are not given the emotional supports needed to develop healthy brain development and suffer anxiety, and depression as a result, studies have shown.  I see it in my own families.  We need 2 parent boys more intentionally and 4 devel of healthy emotions. <Emoji: Pensive face>",1
playing basket with my couisns... ,0
@schadre Get 100 followers a day using www.tweeteradder.com Once you add everyone you are on the train or pay vip ,0
@revstacey I don't know your number! ,0
I don't have the job yet. But hopefully soon. Thanks! @notoriousflirt: @avengelynne Sweet! Congrats! ,0
@caramelflavored hahah the powers of dana ,0
@starwoodhawaii Hawaii is home to the greatest starwood hotels!! ,0
@manicmother what a wonderful Dad he is! ,0
depression hitting hard this morning,1
@OlorinLorien not hungover. Stopped drinking last night as my body said NO!  Still lying in bed - @nicolaherbert making tea and coffee ,0
@DarrenEstes This is only negative if there is a better option for depression patients. 24 is better than 0.,1
@lilvalkrie aiyoh. so pai seh. sudah sudah. dowan to fish for compliments anymore. ,0
"Depression,anxiety and panic attacks are not the signs of weakness....",1
"Hmm, Chocablog seems to be under sustained attack from StumbleUpon... ",0
"Many people have taken a mental health break in their lives, whether for stress, anxiety or depression.  Only the truly SICK-in-the-head individuals would use this mental health break against them, just because they don't agree with their 'opinion'.  https://twitter.com/KimKardashian/status/989220790741553152Â â¦",1
Found out last night that an old friend had bike crash and has broken neck and internal bleeding  Giving nurses hell coz he wants a fag ,0
is so ready to see the new moon trailer ,0
Can Contraceptives Cause Depression?  https://www.drweil.com/health-wellness/body-mind-spirit/mental-health/can-contraceptives-cause-depression/#.WuBtjrUb7JA.twitterÂ â¦,1
@evennieleyland We have two ,0
@ermelbow I too wish I had a snuggie ,0
@xohpanic eat chocolate or just talk with your friends ,0
depression cured  https://twitter.com/baekfiring/status/982638068711616512Â â¦,1
"@TomFelton he'll be okay, he's got you... and his teddy  anyway, tell him all of us tweeps give him our best!",0
In my behaviour we have:-ADD*-ANXIETY*-BRAIN FOG*-DEPRESSION*-IRRITABILITY*-IRRATIONAL ANGER*-ISOLATION*-MEMORY LOSS*-MOOD SWINGS*-NIGHT TERRORS*-PANIC ATTACKS*-SUICIDAL*,1
Off today! No wonder I love Mondays!  Movie theatre....here I come. ,0
@SamPadalecki - Oh ok! Well im still going!! I think everybdy wants Misha back! He was so funny in his talks!! ,0
An equilibrium level of gdp can occur while resources are less than fully employed or are under utilized therefore the grate depression of the 1930s can be seen as a static condition rather than a self correcting transition period,1
@tannwick years ago circa 1983 there was actually a hedghog flavoured crisp ,0
@FlorenceKincaid he was...he said it.look on aftermath's site... ,0
Friday night! ,0
This is so true. Depression especially  https://twitter.com/FranciscoLWhite/status/988758953470431233Â â¦,1
"@LisaMarie110 hahaha, idk. but YAY! we're gonna be roomiess ",0
"@DJLPQUEENS I guess it will be pretty cool music, brazilian flavor mixed with hip hop music..I like the idea! ",0
@ChandraLee thank you for the #FF mention ,0
depression sets in,1
going to the doc and after it to the studio .. flo rida - right round ,0
hope everyone has a fabulous friday and a happy &amp; safe holiday weekend! XOXO SUMMER ,0
Is going to put her head in the gas oven now ,0
Me and @seabee90 are making tacos ,0
haven't been able to sleep at ALL. i think i'll watch Ugly Betty online. ,0
"//Be back in a while,,,? Got hit by a bus of depression",1
Earl's wearing a tie ,0
Let's talk Depression during pregnancy and what to do about it.  https://buff.ly/2HR3BhKÂ  pic.twitter.com/tk8gYq9V0c,1
@mikalaaaaaaaa Weed helps my depression tho <Emoji: Man shrugging (medium skin tone)>,1
new terminator film wasnt too bad actually plus there was some alice in chains in it ,0
"(cont.) I am glad to hear she is bein reloacted to Highland Wildlife Park, hopefully its a more suitible enviroment &amp; she is more at home ",0
I am drinking a lot... trying to forget a very busy week.... ,0
"@powerofpink Just sent a tweet out to follow you, your a great lady ",0
is happy that @lilyroseallen is recording a video for 22 defo my second fave of the its not me its you album ,0
@NipseyHussle For sure! I'm following you now too  Enjoy your night!,0
Ketamine Shows Promise for Fast Relief of Depression  http://ow.ly/oS3m30jxuWuÂ ,1
"The Home Office rejected and rejected and rejected...I entered a phase of total depression...We told them all this in 2014! Why didn't they listen? Sam, 41 years in the UK from Sierra Leone #HostileEnvironment #LegalAid #IndependentReview #migrantvoices https://www.theguardian.com/commentisfree/2018/apr/25/windrush-scandal-immigration-legal-aidÂ â¦",1
#Agoraphobia#Depression#PTSD#Anxiety#SickNotWeakI have had a couple of good days since med change. Getting more bold about going out! I hope me & doc have finally found me a little happiness!<Emoji: Smiling face with smiling eyes> pic.twitter.com/pgR4BAYSIx,1
"@Syrafex Thanks! a couple of wee bits, but not much. I swapped woody allen for a reconstructed Joan of Arc Ladybird book, though ",0
is home with mom today just baked a cake hopefully going to make banana bread  miss you babe xoxox,0
@digijustin yes it has...and one of my best friends is profiting from it... ,0
"@ddlovato, Your Awesome! I love to draw you! I hope you'll ever see it! (: http://twitpic.com/4lvns  I hope you'll come to Holland soon!! ",0
@LisaMei62 That 98% tax for working class is what was talked about to cover Bernie's big ideas during the election. Think that's not possible - FDR did it during the depression - If you want to see what would be result of this plan - search Venezuela economic crisis,1
Knetz are the ones who are stupid lmfao. Bom never did drugs so of course blackjacks will defend her to their graves. How fucking stupid can yall knetz get honestly like how many times do yall need to get told that those were PRESCRIBED MEDICINE FOR HER DEPRESSION,1
"Good morning. haha I just read that the swine flu probably not come`s from pigs at all, but from people! Poor pigs who got all the blame! ",0
"@karinb_za no, luckily not it seems ",0
@lazydays00 congrats on getting accepted to week of 8 ,0
@LenkaMusic won't you share a pic of your awesome hotel room view for your fans on twitter?  can't wait for your concert on monday!,0
"@MissPureGold *Hug..... I simply meant alot of us are sad here, not sure of depression though.",1
4 day work week  then off to Seattle and Vancouver!!,0
@bitchcakesny You are going to blow them away at your reunion. ,0
"&quot;But you're just so cool, run your hand through your hair, absent mindedly making me want you.&quot; - Taylor Swift  ",0
I have post concert depression. @Camila_Cabello and @bazzi we're so good it was unreal <Emoji: Loudly crying face><Emoji: Heavy red heart><Emoji: Love-you gesture (light skin tone)>,1
that stage of emergence from the Depression Crust where u don't have the energy to cook yet but u ARE ready to consume a certain number of protein units instead of all corn chips all the time so u eat like 6 joyless hardboiled eggs per day. amirite ladies,1
depression is slowly crippling me seems only days I leave the house is when I work otherwise im in bed,1
@craig_ireton They should be more emotional!!Men repress emotions more to appear 'masculine' which is super damaging hence gender variation rates in suicide and depression diagnosis x fight me x,1
@ViolaMaths I love that alto clef! If I were a tattoo-getting person I'd totally get inked w/ that. Mind if I use that symbol in my blog? ,0
its deteriorate and beyond for the sake of his own depression theres the idea of him havign...,1
"#millenials are at the greatest risk of #depression through loneliness, according to new research - and difficulty finding a loving #relationship is one of the primary reasons.   https://buff.ly/2JsxD8VÂ  @CambridgeCore pic.twitter.com/sR7DwURDo4",1
"@slytherinbunney I did TONS of research &amp; within the variables (some models not being available in DK yet, for instance) it was the best! ",0
@MonBon_afide OMG so awesome!  You guys will have to tell us all about it ,0
"Just when I thought I'd hit rock bottom watching #JudgeJudy, I have now discovered #BondiRescue on @cbsrealityeu . #DaytimeTV #Depression #Distractions",1
"Mom's depression tied to kids' emotional, intellectual development  https://ift.tt/2HtVZCEÂ ",1
Hey @ashleytisdale how ya doin ? Xoxo ! ,0
@imrananwar i agree sir. ,0
Transparent moment: I sometimes go through spurts to where I struggle to feel any emotion. I oftentimes have to make a conscious effort to feel emotion when I think they should be happening naturally. I read somewhere that this could be a symptom of depression...,1
Hi bethy ,0
is searching someone who cares with ME .. ,0
Battling depression and it's only Wednesday <Emoji: Face with thermometer>,1
Depression sucks,1
"@jbouie Reading his other tweets, he is trying to think positively after getting out of some mild depression/funk.",1
funny how niggas default on contracts and payment ect....and at the end of the day.....i still got paid ,0
"@brother_rat yep, if there's one thing they are fantastic at, it's support. can emphasize enough. and it keeps getting better and better. ",0
how do i cure my depression without pushing me physically or mentally,1
"So i would just like to end all my social media, due to the post depression that Infinity War gave me. Move out (joke onli)",1
I love depression music,1
Can I get some depression with sprinkles?  https://twitter.com/sweetsilktae/status/984874349059551233Â â¦,1
"I've passed alot of feelings (pain, sadness, depression, crying till my last breath) till i've reached to feel nothing. Just nothing, just empty..",1
"I'm at a bar in Roy, WA. What kind of person have I turned into! Don't worry, I'm sober! ",0
first one awake...waiting to lay out on the beach ,0
lol I am so nervous and I 100% know that I'm gonna be rejected but just reading those words is gonna give me some good ol depression,1
"thanks  http://newsweek.comÂ  for helping bring to light a HUGE problem. Childhood is for fun and laughter NOT trauma, abuse, and anxiety. Join us in helping them regain childhood at  http://chaoticspyder.comÂ #ptsd #mentalhealth #kids #parents #teens #depression #trauma #abuse https://twitter.com/ISSTD/status/989158405532258304Â â¦",1
@atlumschema a rather nervous neighbour! The amount of smoke produced obscures the humble nature of our little bonfire ,0
"@KennyJ88 from ottawa to toronto it's 6 hrs.it's not  that bad.and Ottawa to Montreal, is 2hrs.smart american.most ppl don even know that ",0
Nice to see this finally happen in India! I remember the time when Deepika sat down for an interview to share with the world her struggle with ' Depression 'It is so imp for celebrities to share it if they are struggling with it as it makes them ' human' too ! @TrishaBShetty https://twitter.com/TrishaBShetty/status/989171613265362944Â â¦,1
"Watching thats so raven. And yay, the storm stoppppeeddd! ",0
Vintage Depression Era Candlewick Single Candle Holder By Imperial Glass Company  https://seethis.co/Ydmd8Q/Â ,1
"i see the sun peeking already, hoping this week is a lot brighter ",0
you need to stop associating depression with nihilistic inclinations,1
Republican policies and ideology brought the world to the brink of a severe depression and mired us in a deep recession. THEN they had the AUDACITY to do whatever in their power to obstruct the Obama administration to lead us out. #BULLSHIT #MorningJoe,1
"When your heart bleeds, only you feel the real pain. Only your eyes rain in depression. Only your nights go sleepless. And only your soul cries for help",1
boooooooored!!!!!!!! but not in 5 mins.!!! ,0
@Mrmichaelnewton haha &quot;your best girl?&quot;  Sometimes you talk like you were born in the 50's.  *kisses his cheek* thanks for the date ,0
Depression and Sadness.  https://twitter.com/ArabPysch/status/988793211006148619Â â¦,1
had so much fun today altho it was raining  i want to be with you more &lt;3,0
@azthunderpony Nice.   I think I'll get to sleep so I'll have enough energy to enjoy my horsey day.,0
@kferin no idea! Was raining until we headed up the monument. Great views ,0
"@DeionSanders I changed my life with the help of football, saved it from depression and almost suicide. But today continue to help others",1
"Oh ok, i see how it is. Period and depression are just gonna double team me cuz i'm a little bitch and can't stand minor failures that i know better on. Like letting food expire before cooking it.I see how it is, thx. Love it.",1
"@EcstaticGrapes Dont worry Raina, jsut expect an e-mail ",0
"@precordialthump @TChanMD @sandnsurf @sherbino @srrezaie @TheSGEM @Jon_Ilgen When I worked in in-patient psychiatry, I certainly noticed bias in over-diagnosing schizophrenia and under-diagnosing depression & bipolar disorder in African-Americans relative to White Americans.",1
Depression is having an anime club at your school,1
Depression is no joke,1
"Man, I wish youtube would stop this site maintenance...I need to make my debut. ",0
@burtonztweet a better man than I.  Up early and then back to bed ,0
What You Can Say If You See My Self-Harm Scars#mentalhealth #mentalhealthawareness #selfharm #depression #bipolar #stampoutstigma #endthestigma https://themighty.com/2017/02/what-to-say-when-you-see-someones-cuts-scars/?utm_source=engagement_bar&utm_medium=twitter&utm_campaign=twitter_shareÂ â¦,1
Watching another movie. Dyeing my hair tomorrow. ,0
"Please pray for me. I am currently working on a blog article about Depression.Depression is not a joke and a very sensitive issue. Writing about it is way out of my comfort zone.Pray for wisdom, knowledge & courage. I wouldn't be able to do it without your prayers.Thank you",1
Later at work! Money money money makes it funny ,0
"eez playeeng dowtah, you know. ",0
24 hours from now I will be a homeowner!  ,0
Is Electroconvulsive Therapy a Miracle Cure for Depression?  https://www.healthline.com/health-news/is-electroconvulsive-therapy-a-miracle-cure-for-depressionÂ â¦,1
Anyone else not able to DM? @blindcripple - wrote some articles about his wife and their business some time back - stalkerness forgiven ,0
"@adamrocks Oh you've watched 3 already, awesome ",0
@NKOTB Can you please send DEWSOLDIERGIRL her confirmation so she can rejoin the community boards which she left of her own free will ,0
"I used to eat nothing but processed foods & had between 5-10 energy drinks a day to combat the amount of weed I was smoking. I hated my job, hated my flatshare & self-medicated my depression/anxiety with anything that triggered dopamine. I'm glad to have put that behind me <Emoji: Victory hand (light skin tone)>",1
The whole drama surrounding @Pabloayodeji tells me two things. Nigerians have no clue about mental health/depression. Twitter is not a very friendly place.,1
@KrystalRenee24 cheers!  looks yummy...and fruity.  Drink responsibly. ,0
@lornayee i hope to try one soon ,0
Check out a fun #history podcast! Because there's nothing sexier than the Great Depression.  https://twitter.com/HistoryInHinds1/status/988941397301571584Â â¦,1
my favorite ginger with the hair is back on air tonight.  how i've missed you conan. ,0
Things I never imagined doing: researching dog anxiety and depression and nightmares at 4am,1
I love Lauren so much <Emoji: Loudly crying face><Emoji: Loudly crying face><Emoji: Heavy red heart><Emoji: Heavy red heart> she has helped me threw depression and anxiety and the hardest times with family an friends <Emoji: Smiling face with halo> @Lauren_Daigle  thanks so much for everything pic.twitter.com/c6jSsmCfFX,1
DEPRESSION IS NO JOKE.    #ë°ë´ì ë°ë´ë²ë ¤ëì¸ì,1
"@highoffjesus I was praying for you this morning and the Lord reminded me of a time in my life I think He wants me to share.  My oldest struggled with bipolar,depression& seizures taking his life in 2013, only 22.",1
"Ahja, liebe Internet-Friendz, Depression hits wieder mal hard. Consider this your last warning. <Emoji: Up pointing index>",1
@emilylynchmusic thanks!! ,0
Watching my DVR.. Conan!  http://bit.ly/1mahf8,0
"@sofdlovesbsb lol I bet, the stations will be hearing from you alot  lets hope the single is red hot!",0
I'm home ,0
"@tallskinnykiwi LOL! Hope you're having fun in Portugal, and that the coffee is good ",0
I wanna sleep in late tomarrow!  Thank goodness for Saturday mornings!!!!,0
Just created the account and logged in for the 1st time. Joining the hype ,0
"@ExportedSocks Idk if i've gone through depression, but I did feel a lot of emotional pain before so I watched tv and spoke with friends. Granted I didn't leave bed for 3 days but yeah i just used distractions",1
16 days until I start moving! ,0
Happy Birthday to me!  ,0
is at Hogs Breath waiting for a table ,0
"@adragonswinging That's absolutely not true, and you really shouldn't talk like that about yourself :/Depression is making you feel like that, but that isn't how you really are!",1
#Mentalhealth is a serious issue. The 7th Papa Lemon Book addresses Abe Lincoln's battle with #depression Not may children's books tackle this subject matter #Educate pic.twitter.com/KPaG2R87JT,1
@ddlovato What you think about it? We need know if you could go to the party  It'll be PRETTY AMAZING!,0
"@SheffMHG @HWSheffield @davidluck13 'Mental health matters because we all have it and a mental illness can affect anyone. Depression, anxiety, whatever it is, none of them discriminate between who they affect' 25, Oughtibridge.",1
I love it when u r sad n so u reach out to almost everyone to just grab coffee so u dont end up crying in ur room but NO ONE WANTS TO SEE U CAUSE U R SAD l0l depression is fun kids!!!!!!!! Dont trust ur parents either they wILL also DITCH U,1
@dmitry when are you in Philly? ,0
@officialTila Sent the questions 10 minutes ago so yay. Hope to hear back with replies and all soon  hopefully no one will think its fake!,0
@Teamcyrus I love you! I dont think i have ever met anyone as kind as you! And well done for getting 1000 followers! ,0
"I don't think people recognize how much ADHD affects a person's life. A lot of times ADHD is just one of multiple diagnoses a person may receive. It's usually something like major depression, bipolar or something else which gets most the blame when that person's life sucks.",1
Why Adolescence Makes Teens Vulnerable to Depression by Jeff Nalin  https://mental-health-matters.com/why-adolescence-makes-teens-vulnerable-to-depression/Â â¦,1
still watching. ,0
"@earthmagickfarm @ayanatheoracle Probably quite the opposite: if you cured your depression,  that wasn't depression.",1
OMG Heavy Rain gameplay footage/screenshots  *sigh* makes me wish I had a PS3.,0
Tag your level of depression  pic.twitter.com/PAwFqcsrUM,1
@GoldLabeler Oooh... did you take pictures. I wanna see ,0
There are clear connections between depression and chronic pain. Here you have some explanation -  http://goo.gl/uzIlTlÂ ,1
I talk about my passion for streaming and depression and stuff so make sure you watch this one!!!!!  https://twitter.com/OutlawsOW/status/989247756068950016Â â¦,1
I'm thinking burgers on the grill tonight.  ,0
last night was good  watched pearl harbour in elli's. ben afleck &amp; whoever plays his best mate in it is fit! anth fell asleep lmao.,0
in the sunshine revising sunbathing maths and media.booming common dreads out into the garden  fuck the neighbours eh ?,0
"Today I'm celebrating my 13th wedding anniversary with Noell. Lucky for me, I'm having the time of my life with her. ",0
My depression watching me to go the gym despite telling me not to  pic.twitter.com/bQV4tJi67Y,1
i cant wait to blow people out of the water with my new stuff.... i have the most amazing people around me now  head down tail up.,0
@_BellaCullen18_ hey Bella ,0
really trying to be active but i haven't had any motivation lately...depression: 1 frida: -34,1
is watching the logies and eating home made pie in my pj's  awesome night in,0
me during the depression hours crying over my faves vs me when i wake up  pic.twitter.com/V3qCYmDHaT,1
Women who regularly eat high-fat yogurt are less likely to be diagnosed with depression than women who eat the low-fat variety.,1
"I'll just add that #FrostPunk has banished Banished as the survival city builder game. Banished is great, but it lacks the crushing depression and hard decisions on child labor. ALL PATHS LEAD TO CHILD LABOR, DON'T BE DECEIVED BY THE PROPAGANDA.... *waits for propaganda dlc*",1
I get the Best of Both Worlds....literally! lol ,0
Ready for Q1? Let's go!Q1. We know many of our children/young people with SEND also have challenges around their mental health. What sort of mental health issues does your child/Children you work with experience eg. Anxiety disorder/ depression ? #SENexchange,1
Anxiety and depression is the fucking worst. JUST FUCK OFF,1
subscribe to my YouTube channel  http://bit.ly/LOvA,0
@Bethenny Oh delicious cakes - I wish I could quit you... now thanks to Bethenny I may not have to! ,0
thanks for following and supporting jb! tell your jonas friends to follow us! ,0
Depression And Obsession,1
@QinniArt This kinda reminds me of when o was suffering from depression and after I got help I decided to chop off my hair.. there's a study on people who suffer a dramatic event often chose to get a dramatic hair change after to recover,1
Being a hobo on the floor with Mikey ,0
Have you done your 1% improvement today? It's not too late! Just do it! ,0
"@Faith_Mariex It's almost become cool to have anxiety or depression. Like, mental illness isn't cool. It's absolutely terrible. The terms are so over used it's disgusting.",1
You ever just... Get happy... To flex on... The homies with depression,1
"@TheDudeDean hmm, could be a gift card or a nice card   I have not thought it through.",0
Yaaaaay. Jac is training my sorcerer to level 35. That means I'll be pwn soon. ,0
"Me:  I have good friends, school is going well and I'm feeling really good.Depression:  pic.twitter.com/vXJkLynlDV",1
@bitchville More than words is all you have to do to show you feel... ,0
@c4lpt Redesign looks good. Pleasant improvement ,0
Depression will never go away until I have what I want,1
"everytime we talk about depression in psychology,"" @aightindiaaaaaa gives me the side eye like """"i know a depressed bitch here rn"""" and i scream each time",1
#DidYouKnow? #Depression can lead to #cardiovascular problems. #MentalHealth is an important part of our physical health. @mnt  http://bit.ly/2GNQVbYÂ  pic.twitter.com/QvXgLxUqRN,1
"i vote for you about 130 times now haha , you will win for sure  loove youuu! keep smiling don't be nervous for tonight ^^",0
Good Morning everyone  no school today.,0
so happy - today is shopping-day ,0
Vaastu Living with Pallavi â Depression and Vaastu Part 1In this episode we discuss the impacts of Depression on Vaastu and how to combat it using Vaastu principles.For more visit below link https://www.youtube.com/watch?v=h3j58RkGzl4Â â¦,1
"@madmagz22 hey hun! great to see u're on twitter, too  hope u're well ;-) x",0
Home from a very fun night with some great friends I have known my whole life! :-D Good times ,0
@lisannebotger @gilly77 thank you for the good luck's  its still in 19hrs more though hahha I'll post pictures and stuff 4 u 2 seebye XO,0
@jdeisenberg: &quot;There are many things about XML Schema that are just plain bizarre.&quot; JC  I'll second that.,0
Experts say anxiety and depression top the list of reasons people have trouble sleeping. #sleep,1
puzzle mv removed my depression,1
So true.  I'm reading 'Lost Connections' by @johannhari101 and it's an extraordinary book.  Completely turning around everything I'd wrongly assumed about loneliness and depression and making me look at our society anew.  I highly recommend it!  https://twitter.com/BandofmothersHQ/status/989046035929554944Â â¦,1
this just cured my depression  https://twitter.com/sebstanst/status/989101532162527233Â â¦,1
"@MichelleBrouse Hi Michelle, I'm doin great, and you ",0
"Got a sweater, now I'm warm. ",0
tomorrow it's the final competition ,0
downloading some great music 4rm a great person!!! ,0
post animal shelter visit depression is a real and serious problem,1
@EricHolder @Parry2Shawn @Izzy_Chubb Obama got the US out of a severe recession/depression that Bush got us into. That's a fact that you can't change with your typical MAGAt cheeky remark.,1
"@gfreibert  aww poor little one.  SHe prefers if you call it the princess room, pls and ty. ",0
omg im sooo excited!!!! well.. off to school... LAST DAY WOOHOO THIS IS THE BEST DAY EVER thanks to @mileycyrus  lol,0
It's so hard to move on when you have depression,1
thanks @aoibhneas .. like this swing  ? http://blip.fm/~7dd0x,0
"@DrPsyBuffy 1 class of 25 - 1 hospital- based eating disorder treatment, 1 in the hospital to re-establish bipolar meds, 1 witnessed 2 murders recently, 1 suspected brain tumor, plus the those with the usual issues, depression, anxiety...",1
just rewrote my bio--its pretty exciting! ,0
"@kayla_maynard Alright then,getcha drunk ass on overr hurr! ",0
watched Casino Royale again lajhnm jutr4rf2    i love wang in my mouth ,0
just finished lunch. ,0
@gojeffrey Sweet ride!!  Were those the days of the green lizard? lol,0
"(...ourselves that we need help. It's not something we can """"""""Just Fix"""""""" It can never be """"""""FIXED"""""""""", but it can be sidelined for awhile thanks to medicine and therapy. I myself have never been big into taking meds to help with my depression and anxiety,"" but lately it has been getting..""""",1
at Amanda's and Grandma's birffday party lol. Rockin' out on my guitar  (No not guitar hero guitar!),0
"having dinner soon, trying to finish up my june holidays eng hw. o lvl mt on monday. ",0
On my way to karaoke! How fun! Hope you all have a good night! XOXO http://pickchick.com ,0
"Depression, the best advice offered was 'Keep taken the tablets' And another illness I got to go with the rest is, I have Sleep Apnea. Which If you don't know is where you basically die a few times during the night but don't worry it's very common.All that happens is your",1
@jonasbrothers http://twitpic.com/3br5p - omj! you look hot in every pic you're in!  I love your new haircut! ^^,0
"@Skylten ahh thankyou, got it now ",0
when youre stressing about money and biological survival already and it invokes repressed memories of your momz debilitated by depression crying about bills throughout your childhood. Oh the trauma of capitalism will I ever escape thee?,1
@_pavlukivan @SunixRS depression,1
Could 'one puff' of cannabis easeÂ depression?  http://viralspecies.com/could-one-puff-of-cannabis-ease-depression/Â â¦ pic.twitter.com/z185URGHU9,1
"ayo three 6 mafia, Keri Hilson, and GUCCI on a track?!?! I'm all ears for that one yall hurr up ",0
"ALSO, WATCHIN WEEEEEEDS ",0
"@guipradoc no problem buddy, have fun playing! ",0
"Quick Ways To Ease Stress, Depression & Anxiety #bipolardisorder  http://www.naturalcureforbipolardisorder.com/stressmanagementadvice/Quick_Ways_To_Ease_Stress,_Depression_&_Anxiety.htmlÂ â¦",1
depression is eating me up rn and i just wanna go to sleep but i gotta go to a meeting tomorrow where i'm getting told i'm still bad at job hunting so... everything is terrible rn,1
Did you guys like the video? ,0
"Forgot to say that the police were called to the wedding (outdoors, music, go figure). All the best parties, eh? ",0
Do you struggle with Depression or Anxiety? Here is what @SummitRDU  has to offer in the area of our G4 Recovery-Support Ministry:  http://ow.ly/FDTI30hKiHJÂ  For a look at our curriculum check out @BradHambrick  website here:  http://ow.ly/ffSl30hKiMrÂ ,1
"Wishing a great Mother's Day to my mom, Nana, and the other mom's I know. ",0
Is watching Harry Potter and the Goblet of Fire ,0
@TheEllenShow watching Kellie sing right now ,0
@charlievdw you know kris donnelly! jealous! is he nice? ,0
"Avocados boost your serotonin levels, so eating them is a good way to beat depression.",1
@NYT @amychozick @MiloVentimiglia Too bad her life has taken such a tragic turn. Anyone who focuses so obsessively on a particular person clearly has some mental issues to deal with. Perhaps you should suggest counseling for her obvious condition which maybe routed to post partum depression.,1
Thanks everyone for suggestions r.e. http://elearnr.org. Will keep it as-is for time being &amp; consider using it for staff CPD at Academy. ,0
taylor 100% is not gonna perform so it goes on tour lmfao depression pending â STOP  https://curiouscat.me/perhcps/post/430016277?1524684188Â â¦,1
@trreed Two of my favorite authors.  I've been waiting for this sequel to Inferno for awhile now. ,0
"once i stop being a fucking idiot, learn to deal w my anxiety, depression, & adhd, get a dog, put myself out there, publish my art, get rich, get my degree, start designing my own clothes, get a nose job, gain 20 more lbs at the gym, and love myself its over for you bitches",1
Changing password for benjamin. (x -&gt; aBc=1xQ - pelda csak  aztmondja: Bad: new and old password are too similar.,0
My depression won't let me work out and be healthy  pic.twitter.com/OuPOJdCmyD,1
Nice to work on Sundays... walang pasok suppliers... no one bugs me ,0
"Had fun tonight, even if the show kinda sucked.. Now I'm laying in bed watching stepbrothers. ",0
"@RWPUSA I wonder if Donald Trump obtained any Provigil from Admiral Jackson.  Side effects include dry mouth, agitation, nervousness and mood changes including confusion, depression and hallucinations.",1
"Mom's depression tied to kids' emotional, intellectual development  https://ift.tt/2HtVZCEÂ ",1
When you're finally feeling good and your depression reminds you who you are  https://twitter.com/necation/status/988621273067638784Â â¦,1
beautiful day to be outside listening to the birds &quot;twittering&quot; in the sunshine ,0
Watching Role Models w/ Thomas ,0
What to Do if a Minor Illness Worsens Depression Symptoms  https://buff.ly/2vmwPjKÂ ,1
In an interesting study on headaches more frequent migraines were experienced by participants with symptoms of anxiety and depression.  https://summitpainalliance.com/proper-pain-treatment-may-reduce-depression-and-anxiety-in-migraine-patients/Â â¦ For more information and to schedule an appointment call (707) 623-9803. pic.twitter.com/JdvTDMc7Fp,1
Off to the mall ,0
I ain't stressing bitch ain't no depression,1
@tanyaar haha ill try  ps - i like your pic itss gorgeouuss.,0
"I've got a bad case of the 3:00 am guilts ,you know, when you lie in bed awake and replay all those things you didn't do right? Because, as we all know, nothing solves insomnia like a nice warm glass of regret, depression and self-loathing.",1
i love my new profile ,0
@xDirtyBurdx thats good  i reli loved that last pic it mae me feel special &lt;3 ,0
"@plzdntfEdthmodl That happens a lot in Florida, well at the very least you should be proud that you can cause accidents or stop traffic. ",0
in a threesome with anxiety and depression,1
 well i'm going again in early july minus my mother. get jaime to drive ya'll up here,0
"@pankaku Hi, I enjoyed your presentation at GAP (is it still GAP? ",0
"For some people, psychiatric diagnosis is helpful, and the problem is that it was not given early enough. For others, a diagnosis is deeply oppressive. What's your experience?  http://bit.ly/2JmldiAÂ #Psychiatry #MentalIllness #Schizophrenia #Depression #Borderline #OCD",1
is excited for her friend date today ,0
"@snehliverbird Forget about the post Klopp era, I'm getting depression pangs over his record in big finals",1
I'm about to listen to don't fight the feelin and think what a great song is LLS in Don Juan voice oh boooooy ,0
... decided to create a new screen name... its super random ,0
i used to have a really bad relationship with eating cuz i'd be too depressed to get up and esp in my last relationship i lost a lot of weight and i became really weak and now i'm mad that eating 3 meals a day didn't fix my depression lol wtf,1
I'd just like to say that I really love my job. ,0
Crippling depression pretty much owns my personal life so anytime in not at work I wish I was bc that's the only time it sleeps,1
Watching Doctor Who on my TV via the iPlayer ,0
Depression is a normal thing in this generation.. u ain't gonna die from it bro.. keep your head up.,1
"oops i just defeated depression, i don't want bad things to happen on me again",1
"It eats me up knowing I literally Lost a piece of myself to someone like you. The emotions, the vulnerableness, the uncertainty, it never left me. You never cared to help me out of the depression, you caused.",1
need to sleep early  night everyone :p,0
is scared for her exams :S and about to watch the new Hills ,0
Ketamine could become the first new depression drug in more than 30 years https://buff.ly/2qBjQ89Â ,1
Watching My Best Friend's Girl ,0
having a debate with the boys about what colors to write on the pitboard with today LOL ,0
"Hi there <Emoji: Waving hand sign (medium dark skin tone)><Emoji: Waving hand sign (medium dark skin tone)><Emoji: Waving hand sign (medium dark skin tone)>, my name is Yasmin. Are you struggling with disappointment, depression, suicidal thoughts, anger, or do you feel lost and left behind in life? I have also been in situations in which I needed someone to talk to. You can definitely talk to me. DM me!",1
Depression nap time <Emoji: Smiling face><Emoji: Smiling face>,1
"I've finished Hannah Montana, on to Peep Show ",0
"@Trollcats my apologies,patience is indeed a virtue im lacking. but im also lacking entetainment which ur cats provide, so on with it pls ",0
@luvara :O no fair! *hug* happy birthday though ,0
"WSU researchers study effects of pot on depression, anxiety - HealthBeat  http://upflow.co/l/8ZPGÂ  pic.twitter.com/CAShmqMYMG",1
Everyone tells u to brush it off but u can't brush off depression,1
